timestamp,latitude,longitude,altitude,heading,pitch,roll,ve,vn,vu,ae,an,au,vheading,vpitch,vroll
1783590126000,48.079448,170.314048,3000.850600,194.830000,6.730000,-5.510000,0.000000,0.000000,0.000000,0.000000,0.000000,0.000000,0.000000,0.000000,0.000000,0.000000
1783590127000,48.079139,170.313888,3003.253600,193.340000,6.630000,-5.850000,0.000000,0.000000,0.000000,0.000000,0.000000,0.000000,0.000000,0.000000,0.000000,0.000000
1783590128000,48.078758,170.313690,3006.778000,191.170000,6.660000,-6.530000,0.000000,0.000000,0.000000,0.000000,0.000000,0.000000,0.000000,0.000000,0.000000,0.000000
1783590129000,48.078277,170.313468,3011.103400,188.210000,7.720000,-6.740000,0.000000,0.000000,0.000000,0.000000,0.000000,0.000000,0.000000,0.000000,0.000000,0.000000
1783590130000,48.077976,170.313346,3013.826800,187.500000,6.930000,-7.610000,0.000000,0.000000,0.000000,0.000000,0.000000,0.000000,0.000000,0.000000,0.000000,0.000000
1783590131000,48.077499,170.313163,3017.831800,186.260000,6.770000,-6.760000,0.000000,0.000000,0.000000,0.000000,0.000000,0.000000,0.000000,0.000000,0.000000,0.000000
1783590132000,48.077190,170.313056,3020.395000,185.490000,7.030000,-5.630000,0.000000,0.000000,0.000000,0.000000,0.000000,0.000000,0.000000,0.000000,0.000000,0.000000
1783590133000,48.076404,170.312820,3026.803000,182.920000,6.820000,-5.680000,0.000000,0.000000,0.000000,0.000000,0.000000,0.000000,0.000000,0.000000,0.000000,0.000000
1783590134000,48.076152,170.312751,3029.045800,181.870000,6.980000,-5.100000,0.000000,0.000000,0.000000,0.000000,0.000000,0.000000,0.000000,0.000000,0.000000,0.000000
1783590135000,48.075839,170.312683,3031.929400,180.410000,6.760000,-5.600000,0.000000,0.000000,0.000000,0.000000,0.000000,0.000000,0.000000,0.000000,0.000000,0.000000
1783590136000,48.075450,170.312599,3035.614000,179.230000,7.130000,-5.620000,0.000000,0.000000,0.000000,0.000000,0.000000,0.000000,0.000000,0.000000,0.000000,0.000000
1783590137000,48.074966,170.312515,3039.619000,179.000000,7.100000,-4.770000,0.000000,0.000000,0.000000,0.000000,0.000000,0.000000,0.000000,0.000000,0.000000,0.000000
1783590138000,48.074665,170.312469,3041.861800,178.070000,7.210000,-4.870000,0.000000,0.000000,0.000000,0.000000,0.000000,0.000000,0.000000,0.000000,0.000000,0.000000
1783590139000,48.074188,170.312408,3045.546400,176.400000,7.040000,-5.100000,0.000000,0.000000,0.000000,0.000000,0.000000,0.000000,0.000000,0.000000,0.000000,0.000000
1783590140000,48.073879,170.312377,3048.109600,175.290000,6.910000,-5.550000,0.000000,0.000000,0.000000,0.000000,0.000000,0.000000,0.000000,0.000000,0.000000,0.000000
1783590141000,48.073265,170.312339,3052.435000,174.220000,6.700000,-4.670000,0.000000,0.000000,0.000000,0.000000,0.000000,0.000000,0.000000,0.000000,0.000000,0.000000
1783590142000,48.072868,170.312324,3054.677800,172.760000,6.100000,-4.870000,0.000000,0.000000,0.000000,0.000000,0.000000,0.000000,0.000000,0.000000,0.000000,0.000000
1783590143000,48.072479,170.312324,3056.440000,170.760000,5.920000,-6.530000,0.000000,0.000000,0.000000,0.000000,0.000000,0.000000,0.000000,0.000000,0.000000,0.000000
1783590144000,48.072082,170.312332,3057.881800,169.770000,5.530000,-7.250000,0.000000,0.000000,0.000000,0.000000,0.000000,0.000000,0.000000,0.000000,0.000000,0.000000
1783590145000,48.071605,170.312370,3059.644000,168.390000,5.410000,-6.820000,0.000000,0.000000,0.000000,0.000000,0.000000,0.000000,0.000000,0.000000,0.000000,0.000000
1783590146000,48.071292,170.312408,3060.445000,166.900000,5.530000,-5.000000,0.000000,0.000000,0.000000,0.000000,0.000000,0.000000,0.000000,0.000000,0.000000,0.000000
1783590147000,48.070899,170.312454,3061.726600,164.830000,5.330000,-4.990000,0.000000,0.000000,0.000000,0.000000,0.000000,0.000000,0.000000,0.000000,0.000000,0.000000
1783590148000,48.070495,170.312522,3063.168400,163.140000,4.600000,-5.890000,0.000000,0.000000,0.000000,0.000000,0.000000,0.000000,0.000000,0.000000,0.000000,0.000000
1783590148000,48.070106,170.312606,3065.571400,162.430000,4.660000,-5.590000,0.000000,0.000000,0.000000,0.000000,0.000000,0.000000,0.000000,0.000000,0.000000,0.000000
1783590151000,48.069625,170.312721,3069.736600,160.980000,6.310000,-5.210000,0.000000,0.000000,0.000000,0.000000,0.000000,0.000000,0.000000,0.000000,0.000000,0.000000
1783590152000,48.069316,170.312805,3073.100800,160.380000,6.190000,-5.340000,0.000000,0.000000,0.000000,0.000000,0.000000,0.000000,0.000000,0.000000,0.000000,0.000000
1783590153000,48.068923,170.312927,3077.426200,160.810000,6.080000,-2.470000,0.000000,0.000000,0.000000,0.000000,0.000000,0.000000,0.000000,0.000000,0.000000,0.000000
1783590153000,48.068290,170.313140,3083.834200,160.620000,6.690000,-5.440000,0.000000,0.000000,0.000000,0.000000,0.000000,0.000000,0.000000,0.000000,0.000000,0.000000
1783590154000,48.067981,170.313255,3086.237200,159.560000,6.380000,-5.710000,0.000000,0.000000,0.000000,0.000000,0.000000,0.000000,0.000000,0.000000,0.000000,0.000000
1783590155000,48.067600,170.313400,3088.800400,158.800000,5.520000,-4.610000,0.000000,0.000000,0.000000,0.000000,0.000000,0.000000,0.000000,0.000000,0.000000,0.000000
1783590156000,48.067207,170.313568,3091.043200,158.640000,4.790000,-4.830000,0.000000,0.000000,0.000000,0.000000,0.000000,0.000000,0.000000,0.000000,0.000000,0.000000
1783590157000,48.066825,170.313735,3093.766600,158.140000,4.900000,-4.940000,0.000000,0.000000,0.000000,0.000000,0.000000,0.000000,0.000000,0.000000,0.000000,0.000000
1783590158000,48.066356,170.313964,3098.412400,154.920000,5.360000,-6.080000,0.000000,0.000000,0.000000,0.000000,0.000000,0.000000,0.000000,0.000000,0.000000,0.000000
1783590159000,48.066055,170.314125,3102.097000,153.120000,5.690000,-5.530000,0.000000,0.000000,0.000000,0.000000,0.000000,0.000000,0.000000,0.000000,0.000000,0.000000
1783590160000,48.065670,170.314331,3107.543800,151.780000,6.080000,-5.790000,0.000000,0.000000,0.000000,0.000000,0.000000,0.000000,0.000000,0.000000,0.000000,0.000000
1783590161000,48.065299,170.314544,3113.471200,150.430000,6.100000,-6.420000,0.000000,0.000000,0.000000,0.000000,0.000000,0.000000,0.000000,0.000000,0.000000,0.000000
1783590162000,48.064712,170.314918,3123.243400,147.510000,7.650000,-6.730000,0.000000,0.000000,0.000000,0.000000,0.000000,0.000000,0.000000,0.000000,0.000000,0.000000
1783590163000,48.064350,170.315162,3129.010600,145.870000,7.830000,-6.760000,0.000000,0.000000,0.000000,0.000000,0.000000,0.000000,0.000000,0.000000,0.000000,0.000000
1783590164000,48.063926,170.315475,3135.578800,143.540000,8.170000,-6.170000,0.000000,0.000000,0.000000,0.000000,0.000000,0.000000,0.000000,0.000000,0.000000,0.000000
1783590165000,48.063648,170.315681,3139.583800,142.290000,7.850000,-6.100000,0.000000,0.000000,0.000000,0.000000,0.000000,0.000000,0.000000,0.000000,0.000000,0.000000
1783590166000,48.063316,170.315948,3144.389800,140.460000,7.460000,-6.270000,0.000000,0.000000,0.000000,0.000000,0.000000,0.000000,0.000000,0.000000,0.000000,0.000000
1783590167000,48.062976,170.316238,3148.875400,138.800000,6.460000,-6.610000,0.000000,0.000000,0.000000,0.000000,0.000000,0.000000,0.000000,0.000000,0.000000,0.000000
1783590168000,48.062652,170.316528,3152.880400,137.580000,6.820000,-5.970000,0.000000,0.000000,0.000000,0.000000,0.000000,0.000000,0.000000,0.000000,0.000000,0.000000
1783590169000,48.062259,170.316902,3156.565000,136.590000,6.570000,-5.410000,0.000000,0.000000,0.000000,0.000000,0.000000,0.000000,0.000000,0.000000,0.000000,0.000000
1783590170000,48.062011,170.317138,3158.487400,136.020000,6.620000,-6.230000,0.000000,0.000000,0.000000,0.000000,0.000000,0.000000,0.000000,0.000000,0.000000,0.000000
1783590171000,48.061695,170.317466,3160.730200,134.710000,5.390000,-6.600000,0.000000,0.000000,0.000000,0.000000,0.000000,0.000000,0.000000,0.000000,0.000000,0.000000
1783590172000,48.061389,170.317802,3163.613800,133.300000,5.300000,-5.960000,0.000000,0.000000,0.000000,0.000000,0.000000,0.000000,0.000000,0.000000,0.000000,0.000000
1783590173000,48.061088,170.318145,3166.817800,132.200000,5.910000,-4.570000,0.000000,0.000000,0.000000,0.000000,0.000000,0.000000,0.000000,0.000000,0.000000,0.000000
1783590174000,48.060672,170.318641,3171.623800,130.490000,6.210000,-5.290000,0.000000,0.000000,0.000000,0.000000,0.000000,0.000000,0.000000,0.000000,0.000000,0.000000
1783590174000,48.060382,170.319015,3174.988000,129.270000,6.590000,-6.230000,0.000000,0.000000,0.000000,0.000000,0.000000,0.000000,0.000000,0.000000,0.000000,0.000000
1783590177000,48.060104,170.319381,3178.192000,128.730000,6.960000,-4.660000,0.000000,0.000000,0.000000,0.000000,0.000000,0.000000,0.000000,0.000000,0.000000,0.000000
1783590178000,48.059829,170.319763,3181.396000,128.290000,6.860000,-4.380000,0.000000,0.000000,0.000000,0.000000,0.000000,0.000000,0.000000,0.000000,0.000000,0.000000
1783590179000,48.059562,170.320144,3184.439800,127.950000,6.660000,-5.040000,0.000000,0.000000,0.000000,0.000000,0.000000,0.000000,0.000000,0.000000,0.000000,0.000000
1783590180000,48.059299,170.320541,3187.483600,126.820000,6.940000,-4.920000,0.000000,0.000000,0.000000,0.000000,0.000000,0.000000,0.000000,0.000000,0.000000,0.000000
1783590181000,48.058994,170.321022,3191.008000,125.850000,6.490000,-4.540000,0.000000,0.000000,0.000000,0.000000,0.000000,0.000000,0.000000,0.000000,0.000000,0.000000
1783590181000,48.058795,170.321334,3192.930400,125.610000,7.050000,-4.880000,0.000000,0.000000,0.000000,0.000000,0.000000,0.000000,0.000000,0.000000,0.000000,0.000000
1783590182000,48.058418,170.321983,3195.814000,123.770000,7.010000,-5.270000,0.000000,0.000000,0.000000,0.000000,0.000000,0.000000,0.000000,0.000000,0.000000,0.000000
1783590183000,48.058219,170.322341,3197.095600,123.460000,6.730000,-5.200000,0.000000,0.000000,0.000000,0.000000,0.000000,0.000000,0.000000,0.000000,0.000000,0.000000
1783590184000,48.057960,170.322830,3199.178200,122.540000,6.100000,-6.410000,0.000000,0.000000,0.000000,0.000000,0.000000,0.000000,0.000000,0.000000,0.000000,0.000000
1783590185000,48.057746,170.323257,3201.901600,120.330000,6.100000,-5.220000,0.000000,0.000000,0.000000,0.000000,0.000000,0.000000,0.000000,0.000000,0.000000,0.000000
1783590186000,48.057449,170.323883,3206.867800,119.060000,6.320000,-5.300000,0.000000,0.000000,0.000000,0.000000,0.000000,0.000000,0.000000,0.000000,0.000000,0.000000
1783590187000,48.057334,170.324134,3209.110600,118.580000,6.810000,-5.620000,0.000000,0.000000,0.000000,0.000000,0.000000,0.000000,0.000000,0.000000,0.000000,0.000000
1783590188000,48.057140,170.324600,3213.115600,117.650000,6.880000,-5.680000,0.000000,0.000000,0.000000,0.000000,0.000000,0.000000,0.000000,0.000000,0.000000,0.000000
1783590189000,48.056957,170.325050,3217.441000,116.740000,6.810000,-6.000000,0.000000,0.000000,0.000000,0.000000,0.000000,0.000000,0.000000,0.000000,0.000000,0.000000
1783590190000,48.056777,170.325508,3221.926600,116.010000,7.350000,-4.840000,0.000000,0.000000,0.000000,0.000000,0.000000,0.000000,0.000000,0.000000,0.000000,0.000000
1783590191000,48.056579,170.326072,3227.373400,115.480000,7.630000,-3.750000,0.000000,0.000000,0.000000,0.000000,0.000000,0.000000,0.000000,0.000000,0.000000,0.000000
1783590192000,48.056449,170.326446,3230.737600,115.210000,7.090000,-4.380000,0.000000,0.000000,0.000000,0.000000,0.000000,0.000000,0.000000,0.000000,0.000000,0.000000
1783590193000,48.056301,170.326911,3234.902800,113.530000,7.210000,-4.790000,0.000000,0.000000,0.000000,0.000000,0.000000,0.000000,0.000000,0.000000,0.000000,0.000000
1783590194000,48.056011,170.327865,3242.111800,111.210000,6.410000,-6.300000,0.000000,0.000000,0.000000,0.000000,0.000000,0.000000,0.000000,0.000000,0.000000,0.000000
1783590195000,48.055953,170.328071,3243.713800,110.590000,6.800000,-5.560000,0.000000,0.000000,0.000000,0.000000,0.000000,0.000000,0.000000,0.000000,0.000000,0.000000
1783590196000,48.055824,170.328559,3247.558600,109.110000,7.100000,-4.810000,0.000000,0.000000,0.000000,0.000000,0.000000,0.000000,0.000000,0.000000,0.000000,0.000000
1783590197000,48.055683,170.329154,3252.845200,107.950000,7.370000,-5.020000,0.000000,0.000000,0.000000,0.000000,0.000000,0.000000,0.000000,0.000000,0.000000,0.000000
1783590198000,48.055591,170.329551,3256.369600,107.000000,7.280000,-4.990000,0.000000,0.000000,0.000000,0.000000,0.000000,0.000000,0.000000,0.000000,0.000000,0.000000
1783590199000,48.055488,170.330039,3260.855200,105.970000,7.610000,-4.720000,0.000000,0.000000,0.000000,0.000000,0.000000,0.000000,0.000000,0.000000,0.000000,0.000000
1783590200000,48.055374,170.330650,3266.462200,104.960000,7.490000,-4.350000,0.000000,0.000000,0.000000,0.000000,0.000000,0.000000,0.000000,0.000000,0.000000,0.000000
1783590201000,48.055305,170.331039,3270.146800,103.890000,7.460000,-4.070000,0.000000,0.000000,0.000000,0.000000,0.000000,0.000000,0.000000,0.000000,0.000000,0.000000
1783590202000,48.055221,170.331542,3274.952800,102.810000,7.620000,-4.700000,0.000000,0.000000,0.000000,0.000000,0.000000,0.000000,0.000000,0.000000,0.000000,0.000000
1783590202000,48.055107,170.332336,3282.161800,101.370000,7.890000,-4.890000,0.000000,0.000000,0.000000,0.000000,0.000000,0.000000,0.000000,0.000000,0.000000,0.000000
1783590202000,48.055034,170.332939,3287.288200,100.120000,7.730000,-4.870000,0.000000,0.000000,0.000000,0.000000,0.000000,0.000000,0.000000,0.000000,0.000000,0.000000
1783590202000,48.054973,170.333549,3292.094200,98.700000,7.380000,-5.000000,0.000000,0.000000,0.000000,0.000000,0.000000,0.000000,0.000000,0.000000,0.000000,0.000000
1783590207000,48.054939,170.333938,3294.977800,97.810000,7.070000,-4.780000,0.000000,0.000000,0.000000,0.000000,0.000000,0.000000,0.000000,0.000000,0.000000,0.000000
1783590208000,48.054908,170.334342,3297.861400,96.840000,7.240000,-5.040000,0.000000,0.000000,0.000000,0.000000,0.000000,0.000000,0.000000,0.000000,0.000000,0.000000
1783590209000,48.054882,170.334838,3301.546000,95.190000,6.930000,-4.940000,0.000000,0.000000,0.000000,0.000000,0.000000,0.000000,0.000000,0.000000,0.000000,0.000000
1783590209000,48.054855,170.335449,3306.512200,93.250000,7.340000,-4.750000,0.000000,0.000000,0.000000,0.000000,0.000000,0.000000,0.000000,0.000000,0.000000,0.000000
1783590210000,48.054843,170.335838,3309.876400,91.930000,7.710000,-5.460000,0.000000,0.000000,0.000000,0.000000,0.000000,0.000000,0.000000,0.000000,0.000000,0.000000
1783590211000,48.054836,170.336441,3314.842600,90.820000,7.340000,-4.810000,0.000000,0.000000,0.000000,0.000000,0.000000,0.000000,0.000000,0.000000,0.000000,0.000000
1783590212000,48.054840,170.336837,3318.046600,90.210000,6.860000,-4.850000,0.000000,0.000000,0.000000,0.000000,0.000000,0.000000,0.000000,0.000000,0.000000,0.000000
1783590213000,48.054851,170.337333,3321.891400,88.570000,7.320000,-5.770000,0.000000,0.000000,0.000000,0.000000,0.000000,0.000000,0.000000,0.000000,0.000000,0.000000
1783590214000,48.054874,170.337821,3325.896400,87.360000,7.140000,-5.250000,0.000000,0.000000,0.000000,0.000000,0.000000,0.000000,0.000000,0.000000,0.000000,0.000000
1783590215000,48.054920,170.338531,3331.022800,87.510000,6.520000,-3.460000,0.000000,0.000000,0.000000,0.000000,0.000000,0.000000,0.000000,0.000000,0.000000,0.000000
1783590216000,48.054954,170.339019,3334.387000,87.170000,7.140000,-3.240000,0.000000,0.000000,0.000000,0.000000,0.000000,0.000000,0.000000,0.000000,0.000000,0.000000
1783590217000,48.055011,170.339622,3338.231800,85.780000,6.700000,-3.870000,0.000000,0.000000,0.000000,0.000000,0.000000,0.000000,0.000000,0.000000,0.000000,0.000000
1783590218000,48.055049,170.340003,3340.795000,85.170000,6.480000,-4.230000,0.000000,0.000000,0.000000,0.000000,0.000000,0.000000,0.000000,0.000000,0.000000,0.000000
1783590219000,48.055122,170.340606,3344.639800,84.050000,6.660000,-4.480000,0.000000,0.000000,0.000000,0.000000,0.000000,0.000000,0.000000,0.000000,0.000000,0.000000
1783590220000,48.055171,170.340995,3347.203000,83.130000,6.560000,-5.130000,0.000000,0.000000,0.000000,0.000000,0.000000,0.000000,0.000000,0.000000,0.000000,0.000000
1783590221000,48.055244,170.341484,3350.407000,82.080000,6.440000,-4.820000,0.000000,0.000000,0.000000,0.000000,0.000000,0.000000,0.000000,0.000000,0.000000,0.000000
1783590222000,48.055324,170.341972,3353.771200,80.230000,6.960000,-4.750000,0.000000,0.000000,0.000000,0.000000,0.000000,0.000000,0.000000,0.000000,0.000000,0.000000
1783590223000,48.055484,170.342849,3360.339400,78.280000,6.520000,-4.770000,0.000000,0.000000,0.000000,0.000000,0.000000,0.000000,0.000000,0.000000,0.000000,0.000000
1783590224000,48.055564,170.343231,3363.223000,77.790000,6.590000,-5.160000,0.000000,0.000000,0.000000,0.000000,0.000000,0.000000,0.000000,0.000000,0.000000,0.000000
1783590225000,48.055694,170.343818,3367.708600,76.190000,6.670000,-7.080000,0.000000,0.000000,0.000000,0.000000,0.000000,0.000000,0.000000,0.000000,0.000000,0.000000
1783590226000,48.055839,170.344406,3372.034000,74.760000,5.860000,-5.570000,0.000000,0.000000,0.000000,0.000000,0.000000,0.000000,0.000000,0.000000,0.000000,0.000000
1783590227000,48.055915,170.344680,3373.956400,74.190000,6.290000,-4.990000,0.000000,0.000000,0.000000,0.000000,0.000000,0.000000,0.000000,0.000000,0.000000,0.000000
1783590228000,48.056056,170.345169,3377.160400,74.030000,5.930000,-5.120000,0.000000,0.000000,0.000000,0.000000,0.000000,0.000000,0.000000,0.000000,0.000000,0.000000
1783590228000,48.056198,170.345634,3380.684800,73.490000,6.210000,-4.460000,0.000000,0.000000,0.000000,0.000000,0.000000,0.000000,0.000000,0.000000,0.000000,0.000000
1783590228000,48.056385,170.346214,3385.651000,71.500000,6.640000,-4.910000,0.000000,0.000000,0.000000,0.000000,0.000000,0.000000,0.000000,0.000000,0.000000,0.000000
1783590228000,48.056510,170.346588,3389.175400,70.480000,7.690000,-3.790000,0.000000,0.000000,0.000000,0.000000,0.000000,0.000000,0.000000,0.000000,0.000000,0.000000
1783590233000,48.056678,170.347061,3393.500800,69.390000,7.560000,-5.160000,0.000000,0.000000,0.000000,0.000000,0.000000,0.000000,0.000000,0.000000,0.000000,0.000000
1783590234000,48.056850,170.347511,3398.146600,68.960000,8.370000,-4.330000,0.000000,0.000000,0.000000,0.000000,0.000000,0.000000,0.000000,0.000000,0.000000,0.000000
1783590235000,48.057029,170.347969,3402.632200,67.440000,7.600000,-5.250000,0.000000,0.000000,0.000000,0.000000,0.000000,0.000000,0.000000,0.000000,0.000000,0.000000
1783590236000,48.057292,170.348602,3408.399400,65.100000,7.890000,-5.730000,0.000000,0.000000,0.000000,0.000000,0.000000,0.000000,0.000000,0.000000,0.000000,0.000000
1783590236000,48.057605,170.349296,3413.365600,62.980000,7.200000,-4.570000,0.000000,0.000000,0.000000,0.000000,0.000000,0.000000,0.000000,0.000000,0.000000,0.000000
1783590237000,48.057693,170.349479,3414.647200,62.520000,6.760000,-4.900000,0.000000,0.000000,0.000000,0.000000,0.000000,0.000000,0.000000,0.000000,0.000000,0.000000
1783590238000,48.057949,170.350006,3417.530800,61.730000,6.320000,-5.590000,0.000000,0.000000,0.000000,0.000000,0.000000,0.000000,0.000000,0.000000,0.000000,0.000000
1783590239000,48.058120,170.350341,3419.293000,60.790000,6.540000,-5.580000,0.000000,0.000000,0.000000,0.000000,0.000000,0.000000,0.000000,0.000000,0.000000,0.000000
1783590240000,48.058349,170.350769,3421.215400,59.470000,6.440000,-6.360000,0.000000,0.000000,0.000000,0.000000,0.000000,0.000000,0.000000,0.000000,0.000000,0.000000
1783590241000,48.058582,170.351181,3423.298000,58.760000,5.950000,-5.360000,0.000000,0.000000,0.000000,0.000000,0.000000,0.000000,0.000000,0.000000,0.000000,0.000000
1783590242000,48.058830,170.351600,3425.380600,57.550000,6.440000,-4.740000,0.000000,0.000000,0.000000,0.000000,0.000000,0.000000,0.000000,0.000000,0.000000,0.000000
1783590243000,48.059127,170.352088,3428.264200,55.790000,6.370000,-3.450000,0.000000,0.000000,0.000000,0.000000,0.000000,0.000000,0.000000,0.000000,0.000000,0.000000
1783590244000,48.059535,170.352729,3431.948800,53.600000,7.120000,-6.790000,0.000000,0.000000,0.000000,0.000000,0.000000,0.000000,0.000000,0.000000,0.000000,0.000000
1783590245000,48.059745,170.353042,3434.191600,53.080000,6.360000,-7.040000,0.000000,0.000000,0.000000,0.000000,0.000000,0.000000,0.000000,0.000000,0.000000,0.000000
1783590246000,48.060016,170.353424,3437.235400,51.800000,7.160000,-6.460000,0.000000,0.000000,0.000000,0.000000,0.000000,0.000000,0.000000,0.000000,0.000000,0.000000
1783590247000,48.060485,170.354034,3441.881200,48.660000,6.680000,-6.420000,0.000000,0.000000,0.000000,0.000000,0.000000,0.000000,0.000000,0.000000,0.000000,0.000000
1783590248000,48.060588,170.354164,3443.002600,48.080000,6.600000,-7.430000,0.000000,0.000000,0.000000,0.000000,0.000000,0.000000,0.000000,0.000000,0.000000,0.000000
1783590249000,48.060951,170.354598,3447.167800,46.340000,6.270000,-5.240000,0.000000,0.000000,0.000000,0.000000,0.000000,0.000000,0.000000,0.000000,0.000000,0.000000
1783590250000,48.061191,170.354873,3450.211600,45.780000,6.570000,-5.160000,0.000000,0.000000,0.000000,0.000000,0.000000,0.000000,0.000000,0.000000,0.000000,0.000000
1783590251000,48.061504,170.355209,3454.537000,44.880000,7.120000,-4.310000,0.000000,0.000000,0.000000,0.000000,0.000000,0.000000,0.000000,0.000000,0.000000,0.000000
1783590252000,48.061813,170.355537,3458.862400,43.890000,6.610000,-5.830000,0.000000,0.000000,0.000000,0.000000,0.000000,0.000000,0.000000,0.000000,0.000000,0.000000
1783590253000,48.062145,170.355865,3463.508200,42.830000,6.830000,-5.320000,0.000000,0.000000,0.000000,0.000000,0.000000,0.000000,0.000000,0.000000,0.000000,0.000000
1783590253000,48.062465,170.356170,3468.314200,41.510000,6.640000,-3.920000,0.000000,0.000000,0.000000,0.000000,0.000000,0.000000,0.000000,0.000000,0.000000,0.000000
1783590253000,48.062805,170.356491,3472.799800,39.830000,7.080000,-5.200000,0.000000,0.000000,0.000000,0.000000,0.000000,0.000000,0.000000,0.000000,0.000000,0.000000
1783590257000,48.063278,170.356910,3477.766000,37.890000,6.660000,-6.770000,0.000000,0.000000,0.000000,0.000000,0.000000,0.000000,0.000000,0.000000,0.000000,0.000000
1783590258000,48.063701,170.357254,3481.931200,36.260000,6.620000,-6.500000,0.000000,0.000000,0.000000,0.000000,0.000000,0.000000,0.000000,0.000000,0.000000,0.000000
1783590259000,48.063980,170.357475,3484.975000,35.020000,6.610000,-6.180000,0.000000,0.000000,0.000000,0.000000,0.000000,0.000000,0.000000,0.000000,0.000000,0.000000
1783590260000,48.064342,170.357742,3488.819800,33.630000,6.770000,-6.200000,0.000000,0.000000,0.000000,0.000000,0.000000,0.000000,0.000000,0.000000,0.000000,0.000000
1783590261000,48.064697,170.357994,3492.824800,32.010000,7.160000,-6.580000,0.000000,0.000000,0.000000,0.000000,0.000000,0.000000,0.000000,0.000000,0.000000,0.000000
1783590261000,48.065074,170.358230,3496.669600,30.640000,5.390000,-6.780000,0.000000,0.000000,0.000000,0.000000,0.000000,0.000000,0.000000,0.000000,0.000000,0.000000
1783590262000,48.065525,170.358512,3500.194000,29.700000,3.390000,-5.890000,0.000000,0.000000,0.000000,0.000000,0.000000,0.000000,0.000000,0.000000,0.000000,0.000000
1783590263000,48.065834,170.358695,3501.635800,28.940000,2.020000,-6.150000,0.000000,0.000000,0.000000,0.000000,0.000000,0.000000,0.000000,0.000000,0.000000,0.000000
1783590264000,48.066448,170.359031,3501.475600,27.030000,0.210000,-7.390000,0.000000,0.000000,0.000000,0.000000,0.000000,0.000000,0.000000,0.000000,0.000000,0.000000
1783590265000,48.066848,170.359237,3500.194000,25.890000,-0.630000,-7.930000,0.000000,0.000000,0.000000,0.000000,0.000000,0.000000,0.000000,0.000000,0.000000,0.000000
1783590266000,48.067272,170.359436,3498.592000,24.390000,-0.620000,-7.930000,0.000000,0.000000,0.000000,0.000000,0.000000,0.000000,0.000000,0.000000,0.000000,0.000000
1783590267000,48.067695,170.359611,3496.990000,22.740000,-0.850000,-8.230000,0.000000,0.000000,0.000000,0.000000,0.000000,0.000000,0.000000,0.000000,0.000000,0.000000
1783590268000,48.068225,170.359817,3495.227800,20.390000,0.000000,-8.710000,0.000000,0.000000,0.000000,0.000000,0.000000,0.000000,0.000000,0.000000,0.000000,0.000000
1783590269000,48.068572,170.359947,3494.266600,19.170000,0.040000,-8.720000,0.000000,0.000000,0.000000,0.000000,0.000000,0.000000,0.000000,0.000000,0.000000,0.000000
1783590270000,48.069026,170.360084,3493.145200,17.390000,0.560000,-8.820000,0.000000,0.000000,0.000000,0.000000,0.000000,0.000000,0.000000,0.000000,0.000000,0.000000
1783590271000,48.069480,170.360206,3492.504400,15.500000,1.010000,-8.710000,0.000000,0.000000,0.000000,0.000000,0.000000,0.000000,0.000000,0.000000,0.000000,0.000000
1783590272000,48.069950,170.360313,3492.344200,14.020000,1.420000,-8.410000,0.000000,0.000000,0.000000,0.000000,0.000000,0.000000,0.000000,0.000000,0.000000,0.000000
1783590273000,48.070507,170.360420,3492.504400,12.550000,1.770000,-8.060000,0.000000,0.000000,0.000000,0.000000,0.000000,0.000000,0.000000,0.000000,0.000000,0.000000
1783590274000,48.070888,170.360473,3492.824800,11.220000,1.740000,-8.410000,0.000000,0.000000,0.000000,0.000000,0.000000,0.000000,0.000000,0.000000,0.000000,0.000000
1783590275000,48.071353,170.360534,3493.305400,9.340000,1.930000,-8.300000,0.000000,0.000000,0.000000,0.000000,0.000000,0.000000,0.000000,0.000000,0.000000,0.000000
1783590276000,48.072135,170.360588,3494.106400,6.820000,2.010000,-8.380000,0.000000,0.000000,0.000000,0.000000,0.000000,0.000000,0.000000,0.000000,0.000000,0.000000
1783590277000,48.072502,170.360595,3494.426800,5.530000,1.720000,-7.910000,0.000000,0.000000,0.000000,0.000000,0.000000,0.000000,0.000000,0.000000,0.000000,0.000000
1783590278000,48.072978,170.360595,3494.587000,3.880000,1.580000,-8.160000,0.000000,0.000000,0.000000,0.000000,0.000000,0.000000,0.000000,0.000000,0.000000,0.000000
1783590279000,48.073448,170.360580,3494.587000,1.970000,1.530000,-8.150000,0.000000,0.000000,0.000000,0.000000,0.000000,0.000000,0.000000,0.000000,0.000000,0.000000
1783590280000,48.073921,170.360542,3494.266600,0.260000,1.460000,-8.190000,0.000000,0.000000,0.000000,0.000000,0.000000,0.000000,0.000000,0.000000,0.000000,0.000000
1783590280000,48.074481,170.360488,3493.786000,358.450000,1.660000,-8.300000,0.000000,0.000000,0.000000,0.000000,0.000000,0.000000,0.000000,0.000000,0.000000,0.000000
1783590280000,48.074859,170.360435,3493.465600,357.410000,1.490000,-8.280000,0.000000,0.000000,0.000000,0.000000,0.000000,0.000000,0.000000,0.000000,0.000000,0.000000
1783590284000,48.075317,170.360351,3492.824800,355.920000,1.710000,-8.060000,0.000000,0.000000,0.000000,0.000000,0.000000,0.000000,0.000000,0.000000,0.000000,0.000000
1783590285000,48.075778,170.360252,3492.344200,354.210000,1.810000,-8.170000,0.000000,0.000000,0.000000,0.000000,0.000000,0.000000,0.000000,0.000000,0.000000,0.000000
1783590286000,48.076503,170.360069,3491.863600,351.270000,2.010000,-8.080000,0.000000,0.000000,0.000000,0.000000,0.000000,0.000000,0.000000,0.000000,0.000000,0.000000
1783590287000,48.077045,170.359893,3491.863600,349.070000,2.370000,-7.750000,0.000000,0.000000,0.000000,0.000000,0.000000,0.000000,0.000000,0.000000,0.000000,0.000000
1783590288000,48.077499,170.359733,3491.863600,347.310000,2.650000,-7.860000,0.000000,0.000000,0.000000,0.000000,0.000000,0.000000,0.000000,0.000000,0.000000,0.000000
1783590288000,48.077842,170.359603,3492.023800,345.980000,2.700000,-7.660000,0.000000,0.000000,0.000000,0.000000,0.000000,0.000000,0.000000,0.000000,0.000000,0.000000
1783590289000,48.078472,170.359329,3492.664600,343.600000,2.960000,-7.180000,0.000000,0.000000,0.000000,0.000000,0.000000,0.000000,0.000000,0.000000,0.000000,0.000000
1783590290000,48.078716,170.359214,3492.824800,342.870000,2.990000,-7.220000,0.000000,0.000000,0.000000,0.000000,0.000000,0.000000,0.000000,0.000000,0.000000,0.000000
1783590291000,48.079151,170.359001,3492.985000,341.510000,2.840000,-7.310000,0.000000,0.000000,0.000000,0.000000,0.000000,0.000000,0.000000,0.000000,0.000000,0.000000
1783590292000,48.079654,170.358726,3493.465600,339.600000,2.880000,-7.390000,0.000000,0.000000,0.000000,0.000000,0.000000,0.000000,0.000000,0.000000,0.000000,0.000000
1783590293000,48.079986,170.358535,3493.786000,338.590000,2.740000,-7.330000,0.000000,0.000000,0.000000,0.000000,0.000000,0.000000,0.000000,0.000000,0.000000,0.000000
1783590294000,48.080390,170.358283,3494.266600,337.160000,2.800000,-7.110000,0.000000,0.000000,0.000000,0.000000,0.000000,0.000000,0.000000,0.000000,0.000000,0.000000
1783590295000,48.080799,170.358016,3495.067600,336.220000,2.530000,-6.600000,0.000000,0.000000,0.000000,0.000000,0.000000,0.000000,0.000000,0.000000,0.000000,0.000000
1783590296000,48.081188,170.357742,3495.548200,335.040000,2.690000,-5.950000,0.000000,0.000000,0.000000,0.000000,0.000000,0.000000,0.000000,0.000000,0.000000,0.000000
1783590297000,48.081954,170.357162,3495.868600,332.680000,2.560000,-6.110000,0.000000,0.000000,0.000000,0.000000,0.000000,0.000000,0.000000,0.000000,0.000000,0.000000
1783590298000,48.082115,170.357040,3495.868600,331.910000,2.460000,-6.470000,0.000000,0.000000,0.000000,0.000000,0.000000,0.000000,0.000000,0.000000,0.000000,0.000000
1783590299000,48.082485,170.356727,3495.548200,330.460000,2.810000,-6.670000,0.000000,0.000000,0.000000,0.000000,0.000000,0.000000,0.000000,0.000000,0.000000,0.000000
1783590300000,48.082927,170.356338,3495.067600,328.790000,2.410000,-6.690000,0.000000,0.000000,0.000000,0.000000,0.000000,0.000000,0.000000,0.000000,0.000000,0.000000
1783590301000,48.083213,170.356079,3494.747200,327.250000,3.070000,-6.990000,0.000000,0.000000,0.000000,0.000000,0.000000,0.000000,0.000000,0.000000,0.000000,0.000000
1783590302000,48.083560,170.355735,3494.426800,325.220000,2.650000,-7.860000,0.000000,0.000000,0.000000,0.000000,0.000000,0.000000,0.000000,0.000000,0.000000,0.000000
1783590303000,48.083911,170.355377,3494.426800,323.940000,3.400000,-7.100000,0.000000,0.000000,0.000000,0.000000,0.000000,0.000000,0.000000,0.000000,0.000000,0.000000
1783590304000,48.084255,170.355010,3494.426800,322.070000,3.680000,-6.760000,0.000000,0.000000,0.000000,0.000000,0.000000,0.000000,0.000000,0.000000,0.000000,0.000000
1783590305000,48.084777,170.354400,3495.067600,320.050000,3.690000,-6.830000,0.000000,0.000000,0.000000,0.000000,0.000000,0.000000,0.000000,0.000000,0.000000,0.000000
1783590306000,48.085174,170.353912,3496.349200,318.330000,3.780000,-6.860000,0.000000,0.000000,0.000000,0.000000,0.000000,0.000000,0.000000,0.000000,0.000000,0.000000
1783590307000,48.085483,170.353507,3497.470600,316.890000,3.920000,-6.860000,0.000000,0.000000,0.000000,0.000000,0.000000,0.000000,0.000000,0.000000,0.000000,0.000000
1783590307000,48.085861,170.352989,3498.592000,315.360000,3.660000,-6.830000,0.000000,0.000000,0.000000,0.000000,0.000000,0.000000,0.000000,0.000000,0.000000,0.000000
1783590307000,48.086032,170.352745,3499.072600,314.540000,3.550000,-7.100000,0.000000,0.000000,0.000000,0.000000,0.000000,0.000000,0.000000,0.000000,0.000000,0.000000
1783590311000,48.086330,170.352302,3499.713400,312.890000,3.260000,-7.260000,0.000000,0.000000,0.000000,0.000000,0.000000,0.000000,0.000000,0.000000,0.000000,0.000000
1783590312000,48.086669,170.351760,3500.194000,311.000000,2.930000,-7.170000,0.000000,0.000000,0.000000,0.000000,0.000000,0.000000,0.000000,0.000000,0.000000,0.000000
1783590313000,48.086948,170.351303,3500.514400,309.430000,2.840000,-7.250000,0.000000,0.000000,0.000000,0.000000,0.000000,0.000000,0.000000,0.000000,0.000000,0.000000
1783590314000,48.087154,170.350944,3500.834800,308.120000,2.690000,-7.170000,0.000000,0.000000,0.000000,0.000000,0.000000,0.000000,0.000000,0.000000,0.000000,0.000000
1783590315000,48.087421,170.350456,3500.995000,306.350000,2.780000,-7.160000,0.000000,0.000000,0.000000,0.000000,0.000000,0.000000,0.000000,0.000000,0.000000,0.000000
1783590315000,48.087669,170.349975,3501.315400,304.770000,2.850000,-7.420000,0.000000,0.000000,0.000000,0.000000,0.000000,0.000000,0.000000,0.000000,0.000000,0.000000
1783590316000,48.087913,170.349479,3501.635800,303.270000,2.750000,-7.260000,0.000000,0.000000,0.000000,0.000000,0.000000,0.000000,0.000000,0.000000,0.000000,0.000000
1783590317000,48.088245,170.348762,3501.956200,301.370000,2.360000,-7.110000,0.000000,0.000000,0.000000,0.000000,0.000000,0.000000,0.000000,0.000000,0.000000,0.000000
1783590318000,48.088466,170.348243,3502.276600,299.860000,2.000000,-7.020000,0.000000,0.000000,0.000000,0.000000,0.000000,0.000000,0.000000,0.000000,0.000000,0.000000
1783590319000,48.088718,170.347618,3502.276600,298.200000,1.920000,-6.870000,0.000000,0.000000,0.000000,0.000000,0.000000,0.000000,0.000000,0.000000,0.000000,0.000000
1783590320000,48.088924,170.347084,3502.436800,296.540000,1.740000,-7.270000,0.000000,0.000000,0.000000,0.000000,0.000000,0.000000,0.000000,0.000000,0.000000,0.000000
1783590321000,48.089073,170.346664,3502.597000,295.170000,1.890000,-7.020000,0.000000,0.000000,0.000000,0.000000,0.000000,0.000000,0.000000,0.000000,0.000000,0.000000
1783590322000,48.089260,170.346107,3502.436800,293.370000,2.150000,-6.830000,0.000000,0.000000,0.000000,0.000000,0.000000,0.000000,0.000000,0.000000,0.000000,0.000000
1783590323000,48.089431,170.345565,3502.276600,291.990000,2.050000,-7.560000,0.000000,0.000000,0.000000,0.000000,0.000000,0.000000,0.000000,0.000000,0.000000,0.000000
1783590324000,48.089599,170.345008,3502.116400,290.650000,2.070000,-7.250000,0.000000,0.000000,0.000000,0.000000,0.000000,0.000000,0.000000,0.000000,0.000000,0.000000
1783590325000,48.089752,170.344451,3501.796000,289.110000,1.920000,-7.520000,0.000000,0.000000,0.000000,0.000000,0.000000,0.000000,0.000000,0.000000,0.000000,0.000000
1783590326000,48.090000,170.343437,3501.155200,286.150000,1.420000,-7.590000,0.000000,0.000000,0.000000,0.000000,0.000000,0.000000,0.000000,0.000000,0.000000,0.000000
1783590327000,48.090099,170.342979,3500.995000,284.540000,1.910000,-6.910000,0.000000,0.000000,0.000000,0.000000,0.000000,0.000000,0.000000,0.000000,0.000000,0.000000
1783590328000,48.090217,170.342399,3500.834800,282.950000,2.070000,-6.290000,0.000000,0.000000,0.000000,0.000000,0.000000,0.000000,0.000000,0.000000,0.000000,0.000000
1783590329000,48.090324,170.341804,3500.995000,281.230000,1.770000,-7.960000,0.000000,0.000000,0.000000,0.000000,0.000000,0.000000,0.000000,0.000000,0.000000,0.000000
1783590330000,48.090419,170.341217,3500.995000,279.050000,2.350000,-8.270000,0.000000,0.000000,0.000000,0.000000,0.000000,0.000000,0.000000,0.000000,0.000000,0.000000
1783590331000,48.090522,170.340484,3501.155200,277.390000,2.400000,-7.180000,0.000000,0.000000,0.000000,0.000000,0.000000,0.000000,0.000000,0.000000,0.000000,0.000000
1783590332000,48.090579,170.340019,3500.995000,276.560000,2.840000,-6.440000,0.000000,0.000000,0.000000,0.000000,0.000000,0.000000,0.000000,0.000000,0.000000,0.000000
1783590333000,48.090641,170.339401,3500.514400,275.270000,2.560000,-8.280000,0.000000,0.000000,0.000000,0.000000,0.000000,0.000000,0.000000,0.000000,0.000000,0.000000
1783590333000,48.090694,170.338798,3499.873600,273.330000,2.570000,-8.490000,0.000000,0.000000,0.000000,0.000000,0.000000,0.000000,0.000000,0.000000,0.000000,0.000000
1783590336000,48.090740,170.338043,3499.072600,270.910000,2.550000,-8.260000,0.000000,0.000000,0.000000,0.000000,0.000000,0.000000,0.000000,0.000000,0.000000,0.000000
1783590337000,48.090759,170.337562,3498.592000,269.500000,2.540000,-8.310000,0.000000,0.000000,0.000000,0.000000,0.000000,0.000000,0.000000,0.000000,0.000000,0.000000
1783590338000,48.090774,170.336944,3497.951200,267.640000,2.710000,-8.220000,0.000000,0.000000,0.000000,0.000000,0.000000,0.000000,0.000000,0.000000,0.000000,0.000000
1783590339000,48.090770,170.336067,3497.470600,264.940000,2.930000,-8.450000,0.000000,0.000000,0.000000,0.000000,0.000000,0.000000,0.000000,0.000000,0.000000,0.000000
1783590340000,48.090732,170.334960,3497.630800,262.050000,2.910000,-7.720000,0.000000,0.000000,0.000000,0.000000,0.000000,0.000000,0.000000,0.000000,0.000000,0.000000
1783590341000,48.090724,170.334831,3497.630800,261.740000,2.910000,-7.980000,0.000000,0.000000,0.000000,0.000000,0.000000,0.000000,0.000000,0.000000,0.000000,0.000000
1783590342000,48.090679,170.334197,3498.111400,260.020000,2.660000,-7.380000,0.000000,0.000000,0.000000,0.000000,0.000000,0.000000,0.000000,0.000000,0.000000,0.000000
1783590342000,48.090621,170.333587,3498.912400,258.680000,2.970000,-6.330000,0.000000,0.000000,0.000000,0.000000,0.000000,0.000000,0.000000,0.000000,0.000000,0.000000
1783590343000,48.090553,170.332969,3499.873600,257.670000,2.880000,-6.520000,0.000000,0.000000,0.000000,0.000000,0.000000,0.000000,0.000000,0.000000,0.000000,0.000000
1783590344000,48.090476,170.332359,3500.995000,256.700000,2.900000,-6.630000,0.000000,0.000000,0.000000,0.000000,0.000000,0.000000,0.000000,0.000000,0.000000,0.000000
1783590345000,48.090389,170.331741,3501.796000,255.400000,2.850000,-6.700000,0.000000,0.000000,0.000000,0.000000,0.000000,0.000000,0.000000,0.000000,0.000000,0.000000
1783590346000,48.090290,170.331138,3502.597000,254.320000,2.470000,-6.990000,0.000000,0.000000,0.000000,0.000000,0.000000,0.000000,0.000000,0.000000,0.000000,0.000000
1783590347000,48.090118,170.330192,3503.237800,252.680000,1.950000,-7.000000,0.000000,0.000000,0.000000,0.000000,0.000000,0.000000,0.000000,0.000000,0.000000,0.000000
1783590348000,48.089996,170.329589,3503.398000,251.310000,1.510000,-7.160000,0.000000,0.000000,0.000000,0.000000,0.000000,0.000000,0.000000,0.000000,0.000000,0.000000
1783590349000,48.089862,170.328994,3503.558200,249.570000,1.550000,-8.150000,0.000000,0.000000,0.000000,0.000000,0.000000,0.000000,0.000000,0.000000,0.000000,0.000000
1783590350000,48.089649,170.328155,3503.077600,246.880000,1.110000,-8.150000,0.000000,0.000000,0.000000,0.000000,0.000000,0.000000,0.000000,0.000000,0.000000,0.000000
1783590351000,48.089557,170.327819,3502.757200,245.830000,1.430000,-7.980000,0.000000,0.000000,0.000000,0.000000,0.000000,0.000000,0.000000,0.000000,0.000000,0.000000
1783590352000,48.089389,170.327232,3502.116400,243.910000,1.190000,-8.260000,0.000000,0.000000,0.000000,0.000000,0.000000,0.000000,0.000000,0.000000,0.000000,0.000000
1783590353000,48.089214,170.326660,3501.315400,241.730000,1.480000,-8.210000,0.000000,0.000000,0.000000,0.000000,0.000000,0.000000,0.000000,0.000000,0.000000,0.000000
1783590354000,48.089019,170.326087,3500.354200,239.730000,1.360000,-8.370000,0.000000,0.000000,0.000000,0.000000,0.000000,0.000000,0.000000,0.000000,0.000000,0.000000
1783590355000,48.088821,170.325531,3499.553200,237.560000,1.830000,-8.800000,0.000000,0.000000,0.000000,0.000000,0.000000,0.000000,0.000000,0.000000,0.000000,0.000000
1783590356000,48.088603,170.324974,3498.912400,235.610000,1.970000,-8.750000,0.000000,0.000000,0.000000,0.000000,0.000000,0.000000,0.000000,0.000000,0.000000,0.000000
1783590357000,48.088378,170.324432,3498.431800,233.880000,1.950000,-8.050000,0.000000,0.000000,0.000000,0.000000,0.000000,0.000000,0.000000,0.000000,0.000000,0.000000
1783590358000,48.088035,170.323677,3498.271600,232.230000,2.600000,-7.150000,0.000000,0.000000,0.000000,0.000000,0.000000,0.000000,0.000000,0.000000,0.000000,0.000000
1783590359000,48.087787,170.323158,3498.111400,230.990000,2.470000,-8.130000,0.000000,0.000000,0.000000,0.000000,0.000000,0.000000,0.000000,0.000000,0.000000,0.000000
1783590360000,48.087524,170.322639,3497.951200,229.090000,2.530000,-7.590000,0.000000,0.000000,0.000000,0.000000,0.000000,0.000000,0.000000,0.000000,0.000000,0.000000
1783590361000,48.087261,170.322151,3497.951200,227.460000,2.250000,-7.450000,0.000000,0.000000,0.000000,0.000000,0.000000,0.000000,0.000000,0.000000,0.000000,0.000000
1783590361000,48.086921,170.321548,3497.951200,225.740000,2.510000,-7.100000,0.000000,0.000000,0.000000,0.000000,0.000000,0.000000,0.000000,0.000000,0.000000,0.000000
1783590361000,48.086696,170.321182,3497.951200,224.790000,2.380000,-7.350000,0.000000,0.000000,0.000000,0.000000,0.000000,0.000000,0.000000,0.000000,0.000000,0.000000
1783590365000,48.086406,170.320716,3498.111400,223.280000,2.420000,-7.420000,0.000000,0.000000,0.000000,0.000000,0.000000,0.000000,0.000000,0.000000,0.000000,0.000000
1783590366000,48.086105,170.320266,3498.431800,221.850000,2.100000,-7.880000,0.000000,0.000000,0.000000,0.000000,0.000000,0.000000,0.000000,0.000000,0.000000,0.000000
1783590367000,48.085800,170.319816,3498.912400,220.240000,2.390000,-7.380000,0.000000,0.000000,0.000000,0.000000,0.000000,0.000000,0.000000,0.000000,0.000000,0.000000
1783590368000,48.085304,170.319145,3499.713400,218.500000,2.450000,-7.070000,0.000000,0.000000,0.000000,0.000000,0.000000,0.000000,0.000000,0.000000,0.000000,0.000000
1783590369000,48.084922,170.318664,3500.033800,217.510000,2.240000,-6.540000,0.000000,0.000000,0.000000,0.000000,0.000000,0.000000,0.000000,0.000000,0.000000,0.000000
1783590369000,48.084663,170.318351,3499.713400,216.140000,2.380000,-6.630000,0.000000,0.000000,0.000000,0.000000,0.000000,0.000000,0.000000,0.000000,0.000000,0.000000
1783590370000,48.084335,170.317970,3499.393000,213.710000,1.490000,-7.170000,0.000000,0.000000,0.000000,0.000000,0.000000,0.000000,0.000000,0.000000,0.000000,0.000000
1783590371000,48.084003,170.317604,3498.752200,212.080000,1.940000,-7.470000,0.000000,0.000000,0.000000,0.000000,0.000000,0.000000,0.000000,0.000000,0.000000,0.000000
1783590372000,48.083671,170.317253,3497.951200,211.870000,2.480000,-7.020000,0.000000,0.000000,0.000000,0.000000,0.000000,0.000000,0.000000,0.000000,0.000000,0.000000
1783590373000,48.083251,170.316833,3496.509400,210.100000,2.050000,-6.320000,0.000000,0.000000,0.000000,0.000000,0.000000,0.000000,0.000000,0.000000,0.000000,0.000000
1783590374000,48.082988,170.316581,3495.708400,209.110000,2.040000,-5.370000,0.000000,0.000000,0.000000,0.000000,0.000000,0.000000,0.000000,0.000000,0.000000,0.000000
1783590375000,48.082637,170.316261,3495.067600,207.870000,2.110000,-7.250000,0.000000,0.000000,0.000000,0.000000,0.000000,0.000000,0.000000,0.000000,0.000000,0.000000
1783590376000,48.082206,170.315895,3495.388000,206.770000,2.790000,-6.210000,0.000000,0.000000,0.000000,0.000000,0.000000,0.000000,0.000000,0.000000,0.000000,0.000000
1783590377000,48.081920,170.315658,3495.868600,206.270000,2.490000,-5.660000,0.000000,0.000000,0.000000,0.000000,0.000000,0.000000,0.000000,0.000000,0.000000,0.000000
1783590378000,48.081562,170.315383,3496.349200,204.600000,1.460000,-6.140000,0.000000,0.000000,0.000000,0.000000,0.000000,0.000000,0.000000,0.000000,0.000000,0.000000
1783590379000,48.081024,170.314987,3496.189000,203.520000,0.480000,-7.050000,0.000000,0.000000,0.000000,0.000000,0.000000,0.000000,0.000000,0.000000,0.000000,0.000000
1783590380000,48.080642,170.314727,3495.548200,202.740000,0.280000,-6.470000,0.000000,0.000000,0.000000,0.000000,0.000000,0.000000,0.000000,0.000000,0.000000,0.000000
1783590381000,48.080162,170.314422,3494.907400,200.440000,0.500000,-8.280000,0.000000,0.000000,0.000000,0.000000,0.000000,0.000000,0.000000,0.000000,0.000000,0.000000
1783590382000,48.079757,170.314186,3494.747200,198.410000,0.040000,-7.950000,0.000000,0.000000,0.000000,0.000000,0.000000,0.000000,0.000000,0.000000,0.000000,0.000000
1783590383000,48.079429,170.314002,3494.747200,197.100000,0.810000,-8.120000,0.000000,0.000000,0.000000,0.000000,0.000000,0.000000,0.000000,0.000000,0.000000,0.000000
1783590384000,48.079006,170.313796,3495.227800,195.310000,0.560000,-7.610000,0.000000,0.000000,0.000000,0.000000,0.000000,0.000000,0.000000,0.000000,0.000000,0.000000
1783590385000,48.078571,170.313591,3495.868600,193.750000,1.210000,-6.760000,0.000000,0.000000,0.000000,0.000000,0.000000,0.000000,0.000000,0.000000,0.000000,0.000000
1783590386000,48.078140,170.313407,3496.669600,192.640000,0.770000,-7.490000,0.000000,0.000000,0.000000,0.000000,0.000000,0.000000,0.000000,0.000000,0.000000,0.000000
1783590387000,48.077690,170.313240,3497.630800,191.600000,1.550000,-7.550000,0.000000,0.000000,0.000000,0.000000,0.000000,0.000000,0.000000,0.000000,0.000000,0.000000
1783590387000,48.076885,170.312965,3500.194000,189.490000,1.820000,-6.740000,0.000000,0.000000,0.000000,0.000000,0.000000,0.000000,0.000000,0.000000,0.000000,0.000000
1783590390000,48.076526,170.312866,3501.956200,188.550000,3.120000,-6.520000,0.000000,0.000000,0.000000,0.000000,0.000000,0.000000,0.000000,0.000000,0.000000,0.000000
1783590391000,48.076061,170.312751,3504.359200,187.280000,3.770000,-7.040000,0.000000,0.000000,0.000000,0.000000,0.000000,0.000000,0.000000,0.000000,0.000000,0.000000
1783590392000,48.075313,170.312583,3509.325400,184.820000,4.900000,-6.710000,0.000000,0.000000,0.000000,0.000000,0.000000,0.000000,0.000000,0.000000,0.000000,0.000000
